cat_id,parent_id,cat_name
1,,Электроника
2,,Ноутбуки и компьютеры
3,,Бытовая техника
4,,Детские товары
5,,"Дача, сад и огород"
6,,Продукты
7,,Товары для красоты
8,,Зоотовары
9,,Товары для спорта и отдыха
10,,Автотовары
11,,Строительство и ремонт
12,,Товары для дома
13,,Мебель
14,,"Одежда, обувь и аксессуары"
16,,Аптека
19,,Книги
20,,Оборудование
22,,Товары для школы и офиса
23,,Бытовая химия
26,,Гигиена
28,,Гейминг
29,,Досуг и развлечения
30,,Ремёсла
101,1.0,Смартфоны и гаджеты
102,1.0,"Ноутбуки, планшеты, электронные книги"
103,1.0,Компьютеры и комплектующие
104,1.0,Телевизоры и аксессуары
105,1.0,Умные колонки
106,1.0,Цифровые товары
107,1.0,Наушники и аудиотехника
108,1.0,Гейминг
109,1.0,Видеотехника
110,1.0,Фото- и видеокамеры
111,1.0,Оргтехника и расходные материалы
112,1.0,Сетевое оборудование
113,1.0,Умный дом
114,1.0,Электронные музыкальные инструменты
115,1.0,Автомобильная электроника
117,1.0,Радиоуправляемые модели
118,1.0,Аксессуары для электроники
119,2.0,Ноутбуки и планшеты
120,2.0,Настольные ПК и моноблоки
121,2.0,Компьютерные комплектующие
122,2.0,Мониторы
123,2.0,Гейминг
124,2.0,Периферийные устройства компьютера
125,2.0,Оргтехника и расходные материалы
126,2.0,Сетевое оборудование
127,2.0,Накопители данных
128,2.0,Программное обеспечение
129,2.0,Оборудование для презентаций
130,2.0,Серверы и СКС
131,2.0,Запчасти для ноутбуков
132,1.0,Батарейки и электропитание
133,2.0,Компьютерная мебель
134,3.0,Крупная техника для кухни
135,3.0,Техника для дома
136,3.0,Мелкая техника для кухни
137,3.0,Встраиваемая бытовая техника
138,3.0,Климатическая техника для дома
139,3.0,Техника для красоты и здоровья
140,3.0,Умный дом
141,4.0,Детские игрушки и игры
142,4.0,Детский спорт
143,4.0,Коляски и автокресла
144,4.0,Подгузники и гигиена
145,4.0,Питание и кормление
146,4.0,Товары для творчества и хобби
147,4.0,Детская комната
148,4.0,Товары для школы и обучения
149,4.0,Развитие и обучение
151,4.0,Товары для мам
152,4.0,Детская одежда и обувь
153,5.0,Садовая техника
154,5.0,Сборные и надувные бассейны и аксессуары
156,5.0,"Души, умывальники, туалеты"
157,5.0,Аксессуары для полива
158,5.0,Садовые инструменты
159,5.0,Удобрения и уход за растениями
161,5.0,"Пикник, барбекю, гриль"
162,5.0,Фонтаны и садовый декор
164,5.0,Парники и теплицы
165,6.0,Только на Маркете
166,6.0,"Чай, кофе, какао"
169,6.0,"Макароны, крупы"
170,6.0,Растительное масло
173,6.0,Снеки
176,6.0,"Десертные соусы, варенье, мед"
177,6.0,"Орехи, семена, сухофрукты"
180,6.0,Хлеб и выпечка
182,6.0,Молочные продукты
185,6.0,Замороженные продукты
188,6.0,Алкоголь
191,7.0,Средства для ухода за волосами
192,7.0,Средства по уходу за лицом
193,7.0,Средства по уходу за телом
194,7.0,Декоративная косметика
195,7.0,Парфюмерия
196,7.0,Солнцезащитные средства и автозагары для тела
198,7.0,Премиальная косметика
199,7.0,Косметика и средства для бритья для мужчин
200,7.0,Средства для ухода за ногтями
201,7.0,Инструменты и аксессуары для макияжа и ухода за собой
202,7.0,Техника для красоты
203,7.0,Для салонов красоты
211,8.0,Товары для рыб и рептилий
214,8.0,Ветаптека
218,9.0,Фитнес и йога
219,9.0,Тренажеры спортивные
221,9.0,Товары для командных видов спорта
222,9.0,Товары для водного спорта
223,9.0,Спортивные игры
226,9.0,"Велосипеды, запчасти и аксессуары"
227,9.0,Электротранспорт
228,9.0,Товары для бокса и единоборств
229,9.0,"Скейты, ролики, самокаты, BMX"
230,9.0,Товары для туризма и активного отдыха
231,9.0,Товары для охоты и рыбалки
233,9.0,Стрелковый спорт
235,9.0,Спортивные дисциплины
236,9.0,Детский спорт
237,9.0,Спортивная защита
238,9.0,Рюкзаки и спортивные сумки
241,10.0,Автомобильные шины и диски
242,10.0,Автомобильная электроника
243,10.0,Запчасти для авто- и мототехники
244,10.0,Аксессуары и оборудование для автомобиля
245,10.0,Аккумуляторы
247,10.0,Оборудование для автосервисов
248,10.0,Автомобильные инструменты
249,10.0,Автомобильные противоугонные устройства
252,10.0,Автохимия и автокосметика
253,11.0,Строительные инструменты
254,11.0,Сантехника и товары для ванной комнаты
255,11.0,Водоснабжение
256,11.0,Системы отопления
257,11.0,Вентиляция
258,11.0,Электрика
259,11.0,Строительные материалы
260,11.0,Отделочные материалы
261,11.0,"Двери, окна и аксессуары"
262,11.0,Крепеж и фурнитура
264,12.0,Посуда и кухонные принадлежности
265,12.0,Освещение
266,12.0,Уход за одеждой и обувью
267,12.0,Хозяйственные товары
268,12.0,Хранение в доме
269,12.0,Текстиль для дома
271,12.0,Домашний интерьер
272,12.0,Мебель
273,12.0,Товары для праздников
274,12.0,Умный дом
275,12.0,Все для Нового года
276,13.0,Столы и стулья
277,13.0,Мебель для спальни
279,13.0,"Шкафы, тумбы, комоды"
280,13.0,Кухонные гарнитуры и мебель для кухни
281,13.0,Мебель для ванной
283,13.0,Зеркала интерьерные
284,13.0,Мебель для прихожей
286,13.0,Детская мебель
287,13.0,"Надувная, плетеная и прочая мебель"
288,13.0,Садовая мебель
290,14.0,Женская одежда
291,14.0,Мужская одежда
294,14.0,"Сумки, портфели, чемоданы"
295,14.0,"Аксессуары, часы и украшения"
324,16.0,Сезон аллергии
325,16.0,Лекарственные препараты и БАД
327,16.0,Диабет
328,16.0,Медицинские приборы и изделия
329,16.0,Оптика
333,16.0,Массажёры и миостимуляторы
336,16.0,Медицинские изделия и материалы
339,16.0,Медицинское оборудование
361,19.0,Художественная литература
362,19.0,Учебная литература
366,19.0,Нехудожественная литература
373,20.0,Торговое оборудование
374,20.0,Оборудование для салонов красоты
378,20.0,Системы охраны и сигнализации
380,20.0,Оборудование для промышленного производства
381,20.0,Пищевое оборудование
382,20.0,Оборудование и детали для ремонта электроники
383,20.0,Чистящая и моющая техника
384,20.0,Профессиональное сценическое и аудиооборудование
385,20.0,Строительное оборудование
388,20.0,Рекламные конструкции и информационные материалы
390,20.0,Промышленное климатическое оборудование
391,20.0,Развлекательное оборудование
392,20.0,Лабораторное оборудование
402,22.0,"Рюкзаки, ранцы, сумки"
403,22.0,"Тетради, блокноты, дневники"
404,22.0,Офисная бумага и пленка
406,22.0,Чертежные инструменты
407,22.0,Канцелярские товары для учебы
415,22.0,Комната ученика
417,22.0,Школьная форма для мальчиков
418,23.0,Стирка и глажение
419,23.0,Средства для посуды
420,23.0,Чистящие и моющие средства
421,23.0,Средства для ухода за бытовой техникой
422,23.0,Инвентарь для уборки
423,23.0,Освежители воздуха
432,26.0,Предметы личной гигиены
433,26.0,Уход за полостью рта
436,28.0,Игровые приставки
438,28.0,Игровые ноутбуки
440,28.0,Игры для приставок и ПК
444,28.0,Nintendo
445,28.0,4K гейминг
446,28.0,Игровая периферия
451,28.0,Товары для стриминга
456,29.0,Товары для праздников
458,29.0,Все для творчества
459,29.0,Музыкальные инструменты
460,29.0,Музыкальные диски и пластинки
462,29.0,Коллекционирование
463,29.0,Подарочные сертификаты и цифровые продукты
464,29.0,Телескопы и микроскопы
465,29.0,Сувенирная продукция
469,30.0,Посуда
470,30.0,Текстиль
471,30.0,Интерьер
472,30.0,Детские товары
475,2.0,Источники бесперебойного питания
1001,101.0,Смартфоны
1003,101.0,Умные часы и браслеты
1005,101.0,Аксессуары для мобильных телефонов
1006,101.0,Аксессуары для смарт-часов
1007,101.0,Гаджеты для здоровья и фитнеса
1008,101.0,Рации
1013,101.0,Запчасти для мобильных телефонов
1014,102.0,Ноутбуки
1015,102.0,Аксессуары и запчасти для ноутбуков
1016,102.0,Гейминг
1018,102.0,Аксессуары и запчасти для планшетов
1019,102.0,Электронные книги
1020,102.0,Аксессуары для электронных книг
1021,102.0,Графические планшеты
1025,102.0,USB флэш-накопители
1026,102.0,Устройства для чтения карт памяти
1027,102.0,Аккумуляторы для ноутбуков и планшетов
1030,103.0,Настольные компьютеры
1031,103.0,Гейминг
1032,103.0,Компьютерные комплектующие
1043,103.0,Аксессуары для компьютеров
1045,103.0,Источники бесперебойного питания
1046,103.0,Стабилизаторы электрического напряжения
1051,103.0,Компьютерная мебель
1052,104.0,Телевизоры
1054,104.0,Пульты ДУ
1055,104.0,3D-очки
1057,104.0,Оборудование для презентаций
1061,105.0,Умные колонки Apple
1064,105.0,Умные колонки Sonos
1072,106.0,Подписки медиасервисов
1077,106.0,Игровая валюта
1078,106.0,Цифровые книги
1081,107.0,Аксессуары для наушников и гарнитур
1082,107.0,Умные колонки
1083,107.0,Портативная акустика
1084,107.0,Акустические системы
1085,107.0,Аудиоусилители и ресиверы
1086,107.0,Микрофоны
1087,107.0,Проигрыватели виниловых дисков
1088,107.0,Музыкальные центры
1089,107.0,Цифровые плееры и диктофоны
1090,107.0,Караоке
1094,107.0,Радиоприемники
1099,108.0,Игровые приставки
1101,108.0,Игровые ноутбуки
1102,108.0,Игровые компьютеры
1103,108.0,Игры для приставок и ПК
1105,108.0,PlayStation
1106,108.0,Xbox
1110,108.0,Игровые комплектующие
1115,108.0,Компьютерные кресла
1116,108.0,Аксессуары для игровых приставок
1118,109.0,Мультимедиа-проекторы
1122,109.0,Аксессуары и запчасти для проекторов
1124,109.0,Документ-камеры
1131,109.0,Аккумуляторы для аудио/видеотехники
1132,110.0,Фотоаппараты
1133,110.0,Объективы для фотокамер
1134,110.0,Экшн-камеры
1135,110.0,Видеокамеры
1137,110.0,Фотовспышки
1139,110.0,Фотоаппараты моментальной печати
1140,110.0,Штативы и моноподы для фото/видеокамер
1141,110.0,Цифровые фоторамки и фотоальбомы
1142,110.0,Аксессуары для фото/видеотехники
1144,110.0,Специальное оборудование
1145,110.0,Оптические приборы
1147,111.0,"Принтеры, МФУ и аксессуары"
1148,111.0,Сканеры
1149,111.0,Уничтожители бумаг (шредеры)
1152,111.0,Резаки для бумаги
1154,111.0,Калькуляторы
1158,111.0,Интерактивные доски и аксессуары
1159,111.0,Картриджи и расходные материалы
1160,111.0,Аксессуары и запчасти для прочей оргтехники
1161,111.0,Чистящие принадлежности для ПК
1166,112.0,Оборудование для аудио- и видеоконференций
1170,112.0,Системы доступа и коммуникационные сервера
1171,112.0,Конвертеры интерфейсов и скоростей
1184,113.0,Красота и здоровье
1185,113.0,Электроника
1186,113.0,Освещение и электрика
1195,114.0,DJ-оборудование
1198,115.0,Автомобильная акустика
1199,115.0,Автомобильные усилители
1201,115.0,Аксессуары
1205,115.0,Карты и программы GPS-навигации
1206,115.0,Радар-детекторы автомобильные
1211,115.0,Автомобильные камеры заднего вида
1216,115.0,Автомобильные разветвители прикуривателя
1229,118.0,USB-концентраторы и переходники
1234,118.0,Портативные аккумуляторы
1238,118.0,Кронштейны и стойки для телевизоров
1242,119.0,Ноутбуки
1243,119.0,Аксессуары и запчасти для ноутбуков
1244,119.0,Планшеты
1245,119.0,Аксессуары и запчасти для планшетов
1248,120.0,Настольные компьютеры
1249,120.0,Моноблоки
1250,121.0,Видеокарты
1251,121.0,Процессоры (CPU)
1253,121.0,Модули памяти
1259,121.0,Компьютерные корпуса
1260,121.0,Кулеры и системы охлаждения для ПК
1261,121.0,Видеозахват
1265,121.0,Прочие аксессуары для ПК
1268,122.0,Держатели и подставки для мониторов
1272,123.0,Игры для приставок и ПК
1273,123.0,Мобильный гейминг
1275,123.0,Xbox
1276,123.0,Nintendo
1277,123.0,Игровые приставки
1280,123.0,4K гейминг
1281,123.0,Игровая периферия
1282,123.0,Игровые комплектующие
1285,123.0,Товары для стриминга
1290,124.0,Мониторы
1291,124.0,Клавиатуры
1293,124.0,Комплекты клавиатур и мышей
1295,124.0,"Рули, джойстики, геймпады"
1300,124.0,Bluetooth-адаптеры
1303,124.0,Внешние оптические приводы
1304,124.0,"Кронштейны, держатели и подставки для компьютерной техники"
1305,124.0,Мультимедиа-проекторы
1306,124.0,Наушники и гарнитуры
1308,124.0,Аксессуары для компьютеров
1309,125.0,"Принтеры, сканеры, копиры"
1310,125.0,"Ламинаторы, брошюровщики, резаки"
1311,125.0,Шредеры и аксессуары
1312,125.0,Аксессуары и запчасти для прочей оргтехники
1316,126.0,Роутеры
1318,126.0,Беспроводное оборудование
1321,126.0,"Сетевые кабели, разъемы, переходники"
1322,126.0,Сетевые адаптеры
1324,126.0,Прочее сетевое оборудование
1327,127.0,Внутренние жесткие диски
1329,127.0,Карты флэш-памяти
1335,127.0,Сумки и боксы для дисков
1338,128.0,Антивирусы для ПК
1344,129.0,Проекционные экраны
1345,129.0,Аксессуары для проекторов
1347,129.0,Интерактивные доски и аксессуары
1350,129.0,Презентеры
1353,130.0,Комплектующие для серверов
1357,131.0,Шлейфы и платы для ноутбуков
1361,131.0,Микросхемы и мосты для ноутбуков
1362,131.0,Материнские платы для ноутбуков
1365,131.0,Аккумуляторы для ноутбуков
1367,132.0,Зарядные устройства для аккумуляторов
1370,132.0,Аккумуляторные батареи
1372,133.0,Компьютерные кресла
1375,134.0,Холодильники
1376,134.0,Посудомоечные машины
1377,134.0,Морозильники
1378,134.0,Кухонные плиты
1379,134.0,Кухонные вытяжки
1380,134.0,Фильтры для кухонных вытяжек
1382,134.0,Кулеры для воды и питьевые фонтанчики
1383,134.0,Аксессуары для техники
1388,135.0,Стиральные и сушильные машины
1389,135.0,Пылесосы и аксессуары
1390,135.0,Уход за одеждой
1391,135.0,Уборка в доме
1392,135.0,Швейное оборудование
1393,136.0,Приготовление блюд
1394,136.0,Приготовление напитков
1395,136.0,Измельчение и смешивание
1396,136.0,Прочая техника для кухни
1397,137.0,Духовые шкафы встраиваемые
1398,137.0,Варочные панели встраиваемые
1399,137.0,Холодильники встраиваемые
1400,137.0,Стиральные машины встраиваемые
1401,137.0,Посудомоечные машины встраиваемые
1402,137.0,Вытяжки встраиваемые
1403,137.0,Измельчители пищевых отходов
1404,137.0,Встраиваемые морозильники
1405,137.0,Микроволновые печи встраиваемые
1407,137.0,Встраиваемые винные шкафы
1409,137.0,Комплекты встраиваемой техники
1412,138.0,Кондиционеры
1413,138.0,Вентиляторы бытовые
1414,138.0,Блоки кондиционеров
1415,138.0,Очистители и увлажнители воздуха
1417,138.0,Осушители воздуха
1420,138.0,Аксессуары для климата
1425,139.0,Приборы для ухода за полостью рта
1426,139.0,Эпиляторы и женские электробритвы
1427,139.0,Аксессуары для электробритв и эпиляторов
1430,139.0,Приборы для ухода за телом
1431,139.0,Массажеры
1433,140.0,Бытовая техника
1434,140.0,Климат
1438,140.0,Безопасность
1440,141.0,Конструкторы
1441,141.0,Игры для детей
1442,141.0,Куклы и аксессуары
1443,141.0,Робототехника и Stem-игрушки
1447,141.0,Интерактивные мягкие игрушки
1448,141.0,Игрушки для детей до 3 лет
1449,141.0,Радиоуправляемые модели и игрушки
1450,141.0,Игрушечный транспорт
1452,141.0,Сюжетно-ролевые игры и игрушки
1453,141.0,Развивающие и обучающие игрушки
1456,141.0,Интерактивные игрушки
1462,142.0,Спорт дома
1463,142.0,Танцы и гимнастика
1464,142.0,Идем в бассейн
1466,142.0,Снегокаты
1467,142.0,Тюбинги и ледянки
1471,143.0,Детские автокресла
1472,143.0,Детские коляски
1477,143.0,Сумки для прогулок
1480,144.0,"Подгузники, салфетки и пеленки"
1481,144.0,Горшки и детские сиденья на унитаз
1482,144.0,Пеленальные столики и доски для малышей
1484,144.0,Косметика и гигиена
1486,144.0,Детская аптечка
1490,145.0,Стульчики для кормления малышей
1491,145.0,Бутылочки и аксессуары для кормления
1492,145.0,Молокоотсосы для кормящих мам
1495,145.0,Пустышки и аксессуары
1496,145.0,Детские весы
1497,145.0,Питание для беременных и кормящих
1499,145.0,Готовим сами
1502,146.0,Пазлы и головоломки
1503,146.0,Товары для рисования
1504,146.0,Товары для лепки
1507,146.0,Раскраски и роспись
1509,146.0,Опыты и исследования
1511,146.0,Поделки
1514,146.0,Товары для шитья и вышивания
1519,146.0,Бумага для творчества
1520,146.0,Товары для праздников
1521,147.0,Детская мебель и аксессуары
1523,147.0,Товары для защиты и безопасности малыша
1524,147.0,"Парты, стулья, доски"
1525,148.0,"Рюкзаки, ранцы, сумки"
1526,148.0,"Тетради, блокноты, дневники"
1527,148.0,Пеналы и письменные принадлежности
1529,148.0,Канцелярские товары для учебы
1535,148.0,Уроки технологии
1537,148.0,Демонстрационные доски
1538,148.0,Комната ученика
1539,148.0,Книги и учебники
1541,148.0,Школьная форма для мальчиков
1548,149.0,Конструкторы
1549,149.0,Робототехника и Stem-игрушки
1550,149.0,Книги для детей
1560,151.0,Искусственное вскармливание
1569,151.0,Товары для защиты и безопасности малыша
1578,153.0,Газонокосилки
1579,153.0,Триммеры
1580,153.0,Садовые ножницы и кусторезы
1581,153.0,Аккумуляторные и бензиновые опрыскиватели
1584,153.0,Мотоблоки и культиваторы
1586,153.0,Водяные насосы
1589,153.0,Вертикуттеры и аэраторы
1590,153.0,Воздуходувки и садовые пылесосы
1591,153.0,Дровоколы
1593,153.0,Оснастка к садовой технике
1594,153.0,Снегоуборщики
1599,154.0,Аксессуары для сборных и надувных бассейнов
1601,154.0,Тенты и подстилки для бассейнов
1620,156.0,Биотуалеты
1622,156.0,Садовые умывальники
1623,156.0,Жидкости и наполнители для биотуалетов
1624,156.0,Аксессуары и комплектующие для биотуалетов
1627,157.0,Системы капельного полива
1629,157.0,"Пистолеты, насадки, дождеватели для шлангов"
1630,157.0,"Катушки, кронштейны и направляющие для шлангов"
1633,158.0,Садовые ручные опрыскиватели
1634,158.0,"Ручные садовые ножницы, секаторы, высоторезы, сучкорезы"
1635,158.0,"Садовые пилы, ножовки и ножи"
1636,158.0,Грабли
1638,158.0,Топоры
1639,158.0,Садовые щетки и метлы
1642,158.0,Садовые тележки и тачки
1643,158.0,Комплектующие для садовых тележек и тачек
1644,158.0,Садовые компостеры
1647,158.0,Косы и серпы
1651,158.0,Канистры
1655,158.0,Сеялки для семян
1656,158.0,Катки для газонов
1659,159.0,Удобрения для растений
1660,159.0,"Субстраты, грунты, мульча"
1662,159.0,Химические средства защиты растений
1664,159.0,Шпалеры и опоры для растений
1673,161.0,Мангалы
1677,161.0,Уголь
1679,161.0,Средства для розжига
1686,161.0,Наборы посуды для пикника
1687,161.0,Средства против насекомых
1688,162.0,Садовый декор
1700,165.0,Зефир и пастила
1706,165.0,Салфетки
1708,166.0,Кофе
1711,166.0,Чай листовой
1715,166.0,Цикорий
1889,191.0,Сухие и твердые шампуни для волос
1891,191.0,Средства для окрашивания волос
1894,191.0,Приборы для стрижки и укладки
1900,191.0,Аптечная косметика для волос
1920,193.0,Туалетное и жидкое мыло
1924,193.0,Депиляция и эпиляция
1930,193.0,"Пена, соль, масло для ванны"
1934,193.0,Косметика для беременных и кормящих мам
1937,193.0,Профессиональный уход для тела
1943,194.0,Аксессуары для макияжа
1948,194.0,Профессиональная декоративная косметика
1955,195.0,Ароматерапия
1971,198.0,Премиальные средства по уходу за лицом
1972,198.0,Премиальные средства по уходу за телом
1973,198.0,Премиальная декоративная косметика
1977,199.0,Электробритвы мужские
1988,200.0,Принадлежности для маникюра и педикюра
1990,200.0,Средства по уходу за кожей рук
2003,201.0,Инструменты для маникюра и педикюра
2005,201.0,Пинцеты косметические
2006,201.0,Бигуди для волос
2011,202.0,Фены и фен-щётки
2012,202.0,Машинки для стрижки
2014,202.0,Напольные весы
2015,202.0,Электробритвы мужские
2016,202.0,Эпиляторы и женские электробритвы
2018,202.0,Электрические щетки для лица
2019,202.0,Приборы для ухода за лицом
2023,203.0,Для парикмахеров и барберов
2024,203.0,Для маникюра и педикюра
2025,203.0,Для косметологов
2086,211.0,Оборудование для аквариумов и террариумов
2111,214.0,Ветеринарные препараты
2112,214.0,Воротники и попоны
2123,218.0,Товары для фитнеса
2125,218.0,Гимнастика
2126,218.0,Подарочные сертификаты на фитнес и спорт
2127,219.0,Кардиотренажеры
2128,219.0,Свободные веса
2131,219.0,Инверсионные столы
2133,219.0,Виброплатформы
2135,219.0,Стойки для спортивного инвентаря и свободных весов
2137,219.0,Батуты и надувные комплексы
2150,221.0,Товары для футбола
2151,221.0,Товары для баскетбола
2153,221.0,Товары для волейбола
2154,221.0,Спортивные товары для регби и гандбола
2159,222.0,"Лодки, катамараны и комплектующие"
2160,222.0,Товары для подводного плавания
2162,222.0,Спасательные жилеты и круги
2164,222.0,Гермомешки и герморюкзаки
2166,222.0,Бассейны и аксессуары
2171,223.0,Дартс
2173,223.0,Игровые столы
2190,226.0,Велосипеды
2191,226.0,Электровелосипеды
2192,226.0,Детские велосипеды
2193,226.0,Женские велосипеды
2194,226.0,Складные велосипеды
2195,226.0,Аксессуары для велосипедов
2200,227.0,Электросамокаты
2203,227.0,Гироскутеры и аксессуары
2207,228.0,Перчатки для бокса и единоборств
2210,228.0,Аксессуары и принадлежности для бокса и единоборств
2214,229.0,Самокаты и аксессуары
2216,229.0,Роликовые коньки и аксессуары
2220,230.0,"Палатки, тенты и спальники"
2222,230.0,Гермомешки и герморюкзаки
2224,230.0,Палки для скандинавской ходьбы и треккинговые палки
2225,230.0,Походная кухня
2226,230.0,Аксессуары для туризма
2228,230.0,Женская спортивная одежда для туризма
2230,230.0,Женские кроссовки для туризма
2231,231.0,Товары для рыбалки
2232,231.0,Товары для охоты
2233,231.0,Сумки и ящики для охоты и рыбалки
2234,231.0,Одежда для охоты и рыбалки
2237,231.0,Ножи и мультитулы для туризма
2239,231.0,Походная мебель
2240,231.0,Походная кухня
2260,236.0,Зимний спорт
2264,236.0,Летний спорт
2265,238.0,Рюкзаки спортивные и городские
2283,241.0,Автомобильные домкраты
2284,241.0,Автомобильные компрессоры
2285,241.0,Шины для мотоциклов
2286,241.0,Аксессуары для колесных дисков
2287,241.0,Датчики давления в шинах
2289,241.0,Цепи противоскольжения
2291,242.0,Автомобильные видеорегистраторы
2301,242.0,Автомобильные устройства громкой связи
2304,243.0,Автомобильные аккумуляторы и зарядные устройства
2305,243.0,Автомобильное освещение
2307,243.0,Подвеска для автомобилей
2308,243.0,Двигатели для автомобилей
2310,243.0,Автомобильная электрика
2314,243.0,Подшипники
2317,243.0,Свечи зажигания
2320,243.0,Автомобильные предохранители
2321,243.0,Стекла для автомобилей
2326,244.0,Мойки высокого давления
2327,244.0,Багажные системы для автомобилей
2328,244.0,Аксессуары для обустройства салона автомобиля
2329,244.0,Щетки стеклоочистителя
2331,244.0,Инвентарь для ухода за автомобилем
2332,244.0,Защита и внешний тюнинг для автомобиля
2333,244.0,Необходимый набор автомобилиста
2334,244.0,Цепи противоскольжения для автомобилей
2337,245.0,Зарядные и пуско-зарядные устройства для аккумуляторов
2349,247.0,Толщиномеры
2350,247.0,Автосканеры
2351,247.0,Пневмоинструменты
2354,247.0,Трансмиссионные стойки
2358,247.0,Динамометрические ключи
2360,247.0,Специальные головки
2362,247.0,Насосы для перекачки жидкостей
2366,247.0,Полки и панели для инструментов
2369,248.0,Автомобильные домкраты
2372,248.0,Торцевые головки
2374,248.0,Свечные ключи
2379,249.0,Автосигнализации
2401,252.0,Уход за кузовом автомобиля
2403,252.0,Для автомалярных работ
2405,252.0,Уход за салоном автомобиля
2406,252.0,Уход за шинами и дисками автомобилей
2407,253.0,Электроинструменты
2408,253.0,Электро- и бензопилы
2409,253.0,Ручные инструменты
2410,253.0,Расходные материалы и оснастка для инструмента
2411,253.0,Измерительные инструменты
2412,253.0,Сварочное оборудование
2413,253.0,Генераторы
2414,253.0,Пневмоинструменты
2415,253.0,Средства индивидуальной защиты для строительства и ремонта
2416,253.0,Организация рабочего места и ящики для инструментов
2417,253.0,Лестницы и стремянки
2418,254.0,Смесители
2419,254.0,Ванны и комплектующие
2421,254.0,Кухонные мойки
2422,254.0,"Унитазы, писсуары, биде"
2423,254.0,Душевые системы и лейки
2424,254.0,Души и душевые кабины
2425,254.0,Полотенцесушители и аксессуары
2426,254.0,Водоснабжение
2428,254.0,Комплектующие для сантехники
2429,254.0,Фильтры для воды и комплектующие
2430,254.0,Сушилки для рук
2432,254.0,Краны для холодной воды
2433,254.0,Водонагреватели
2436,254.0,Аксессуары для ванной комнаты
2437,255.0,Насосы и комплектующие
2438,255.0,Фильтры для воды и комплектующие
2442,255.0,Запорная арматура
2449,255.0,Мотопомпы и аксессуары
2457,256.0,Отопительные котлы и комплектующие для котлов
2458,256.0,"Камины, печи и аксессуары"
2460,256.0,Радиаторы и комплектующие
2462,256.0,Газовые обогреватели и конвекторы
2464,256.0,Тепловые пушки
2465,256.0,Газовые баллоны и счетчики газа
2466,256.0,Тепловые завесы
2467,256.0,Встраиваемые конвекторы и решетки
2473,256.0,Обогреватели
2474,257.0,Вентиляционные установки
2475,257.0,Вентиляторы вытяжные
2476,257.0,Канальные вентиляторы
2477,257.0,"Вентиляционные решетки, диффузоры и анемостаты"
2479,257.0,Фасонные части воздуховодов
2480,257.0,Воздуховоды
2481,257.0,Фильтры для систем вентиляции
2485,258.0,"Автоматические выключатели, УЗО, дифференциальные автоматы"
2486,258.0,Изделия для электромонтажных работ
2487,258.0,Системы безопасности
2488,258.0,Устройства электропитания и электростанции
2489,258.0,Электрические щиты и комплектующие
2490,258.0,Электрический теплый пол и терморегуляторы
2491,258.0,Розетки и выключатели
2492,258.0,Удлинители и переходники
2493,258.0,Счетчики электроэнергии и аксессуары
2494,258.0,"Пускатели, контакторы и аксессуары"
2495,258.0,Кабеленесущие системы
2497,258.0,Солнечные коллекторы
2498,258.0,Освещение
2499,258.0,Умный дом
2501,259.0,Изоляционные материалы
2504,259.0,Кирпич и общестроительные материалы
2505,259.0,Клеи и жидкие гвозди
2513,260.0,Напольные покрытия
2519,261.0,Межкомнатные двери и коробки
2521,261.0,"Ручки, замки и фурнитура для окон и дверей"
2522,261.0,"Домофоны, звонки и системы безопасности"
2524,261.0,Ворота
2529,262.0,Строительный крепеж и фурнитура
2533,262.0,Такелаж
2534,264.0,Посуда и принадлежности для готовки
2535,264.0,Посуда и приборы для сервировки стола
2536,264.0,Посуда для приготовления напитков
2537,264.0,Ножи и разделочные доски
2539,264.0,Посуда и емкости для хранения продуктов
2540,264.0,Кухонные принадлежности
2542,264.0,Фильтры для воды и комплектующие
2543,265.0,Потолочные светильники
2545,265.0,Настенные светильники
2546,265.0,Настольные светильники
2548,265.0,Лампочки и расходники
2549,265.0,Электрогирлянды
2551,265.0,Уличное освещение и прожекторы
2552,265.0,Технические светильники
2553,265.0,Ночники и декоративные светильники
2554,265.0,Встраиваемые светильники
2559,266.0,Сушилки для белья
2560,266.0,Товары для ухода за одеждой и бельем
2563,267.0,Аксессуары для ванной и туалета
2564,267.0,Инвентарь для уборки
2565,267.0,Безмены
2566,267.0,Хозяйственные сумки
2571,268.0,Вешалки напольные
2574,268.0,Хранение на кухне
2578,269.0,Постельное белье
2580,269.0,Одеяла
2584,269.0,Полотенца
2585,269.0,"Шторы, карнизы, декор окна"
2587,269.0,Текстиль с электроподогревом
2588,269.0,Декоративные подушки
2589,269.0,Чехлы для мебели
2593,271.0,"Шторы, карнизы, декор окна"
2594,271.0,Комнатные растения и горшки
2596,271.0,Декор интерьера
2597,271.0,Часы и метеостанции
2600,271.0,Фоторамки и альбомы
2601,271.0,Свечи и подсвечники
2602,271.0,Ароматы для дома
2604,272.0,Столы и стулья
2606,272.0,Мягкая мебель
2607,272.0,"Шкафы, тумбы, комоды"
2609,272.0,Мебель для ванной
2612,272.0,Мебель для прихожей
2615,272.0,"Надувная, плетеная и прочая мебель"
2616,272.0,Садовая мебель
2617,272.0,Фурнитура для мебели и комплектующие
2618,273.0,Фейерверки
2620,273.0,Подарочная упаковка
2622,273.0,"Дипломы, медали, значки"
2627,273.0,Новогодние товары
2628,274.0,Бытовая техника
2633,274.0,Безопасность
2634,275.0,Новогодние искусственные ёлки
2636,275.0,Уличные гирлянды
2645,275.0,Новогодние карнавальные костюмы и аксессуары
2649,275.0,Новогодний текстиль
2651,275.0,Сервировка
2655,276.0,"Стулья, табуретки"
2656,276.0,Пуфики
2657,276.0,Банкетки и скамьи
2667,279.0,Тумбы
2668,279.0,Комоды
2670,279.0,Стеллажи и этажерки
2681,281.0,Зеркала для ванной
2684,281.0,"Мыльницы, стаканы и дозаторы"
2704,286.0,Детские стулья и табуреты
2706,286.0,Парты и столы
2707,286.0,Кроватки детские
2714,288.0,Садовые скамейки
2716,288.0,Садовые столы
2721,288.0,Лежаки и шезлонги
2760,291.0,Мужские носки
2762,291.0,Мужские брюки
2770,291.0,Аксессуары для мужчин
2791,294.0,Сумки
2793,294.0,Дорожные и спортивные сумки
2805,295.0,Часы
2807,295.0,Аксессуары
2815,324.0,"Очистители, увлажнители воздуха"
2820,325.0,Средства для нервной системы
2823,325.0,Средства для лечения кожи
2831,325.0,Средства для борьбы с вредными привычками
2832,325.0,Средства от астмы
2833,325.0,Противоопухолевые препараты и иммуномодуляторы
2835,325.0,Средства для зубов и полости рта
2883,328.0,Тонометры и аксессуары
2887,328.0,Термометры
2889,328.0,Аппараты Дарсонваль
2897,329.0,Очки для зрения
2927,333.0,Массажное оборудование
2928,333.0,Миостимуляторы
2929,333.0,Пояса и трикотаж для похудения
2959,336.0,"Медицинские шприцы, иглы"
2967,336.0,Автоаптечки
2975,336.0,Зеркала и наборы гинекологические
2987,339.0,Расходные материалы
3007,146.0,Наборы для творчества
3016,146.0,Товары для декупажа
3018,146.0,Бумага для творчества
3045,362.0,Учебная литература для школьников
3090,366.0,Публицистика
3091,366.0,Литература для путешественников
3093,366.0,Энциклопедии и справочники
3113,373.0,Холодильное оборудование для магазинов
3114,373.0,Кассовые аппараты и комплектующие
3116,373.0,Сканеры считывания штрих-кода
3118,373.0,Весы для магазинов
3120,373.0,Манекены
3125,373.0,Рекламные дисплеи и интерактивные панели
3129,374.0,Оборудование для парикмахеров и барберов
3130,374.0,Оборудование для косметологов
3138,374.0,Бьюти-кейсы
3143,378.0,Сейфы
3144,378.0,Противопожарное оборудование и безопасность
3145,378.0,Системы видеонаблюдения
3146,378.0,Шлагбаумы и автоматика для ворот
3149,378.0,Системы контроля доступа
3160,380.0,Станки
3161,380.0,Упаковочное оборудование
3162,380.0,Упаковочные материалы
3167,381.0,Пароконвектоматы
3169,381.0,Запчасти и аксессуары для пищевого оборудования
3170,381.0,Тепловое оборудование
3171,381.0,Электромеханическое оборудование
3173,381.0,Вспомогательное оборудование
3177,382.0,Осциллографы
3178,382.0,Программаторы
3179,382.0,Радиодетали и электронные компоненты
3180,382.0,Запчасти для мобильных телефонов
3182,382.0,Запчасти для принтеров и МФУ
3184,382.0,Отвертки
3185,382.0,Клещи и бокорезы
3187,383.0,Поломойные и подметальные машины
3188,383.0,Аксессуары и принадлежности для чистящей и моющей техники
3192,384.0,Концертное и трансляционное аудиооборудование
3193,384.0,Световое и сценическое оборудование
3194,384.0,Аксессуары для перевозки сценического и аудиооборудования
3196,385.0,Бетономешалки и растворосмесители
3199,385.0,Сварочные аппараты
3202,385.0,Комплектующие для бетономешалок
3204,385.0,Вибротрамбовки
3206,385.0,Комплектующие для опалубки
3214,388.0,Информационные табло
3219,391.0,Игровые автоматы и столы
3220,391.0,Товары для настольного тенниса
3225,402.0,Детские городские рюкзаки
3226,402.0,Сумки и рюкзаки для ноутбуков
3229,403.0,Дневники и планеры для школы
3233,403.0,Блокноты и записные книжки
3251,407.0,Лотки для бумаги
3252,407.0,Точилки для карандашей
3253,407.0,Калькуляторы
3261,407.0,Обложки
3262,407.0,Дыроколы
3266,407.0,Бейджи для офиса
3268,407.0,Конверты
3269,407.0,Лупы
3308,415.0,Настольные лампы и светильники
3309,415.0,Стеллажи
3311,415.0,Школьные глобусы
3313,415.0,Доски и мольберты для рисования
3334,418.0,Стиральный порошок
3335,418.0,Гели и жидкие средства для стирки
3336,418.0,"Капсулы, таблетки, пластины для стирки"
3337,418.0,Кондиционеры и ополаскиватели для белья
3338,418.0,Отбеливатели и пятновыводители
3340,418.0,Средства для ухода за стиральными машинами
3341,418.0,"Средства для глажения, подкрахмаливатели, антистатики"
3344,419.0,Средства для посудомоечных машин
3345,419.0,Средства для мытья посуды
3346,419.0,Средства для ухода за посудомоечными машинами
3352,420.0,Специальные чистящие средства
3354,421.0,Средства для ухода за стиральными машинами
3355,421.0,Чистящие принадлежности для компьютерной техники
3356,421.0,Средства для ухода за кухонной техникой
3357,421.0,Средства для чистки утюгов
3359,422.0,Швабры и насадки
3360,422.0,Перчатки хозяйственные
3363,422.0,Мусорные ведра и баки
3379,432.0,Бумажные салфетки и платочки
3383,432.0,Туалетная бумага
3388,433.0,Зубные щетки
3390,433.0,Ирригаторы
3403,105.0,Умные колонки Яндекс
3406,105.0,Умные колонки VK
3415,436.0,Консоли Playstation 5
3425,440.0,Игры для Xbox
3450,444.0,Игры для Nintendo
3452,444.0,Аксессуары для приставок Nintendo
3475,451.0,Веб-камеры
3476,451.0,Видеозахват для стриминга
3479,456.0,Украшения для организации праздников
3489,456.0,Подарочные наборы
3513,458.0,Товары для художников
3514,458.0,Товары для лепки
3518,458.0,Детское творчество
3527,458.0,Краски для рисования
3529,458.0,Наборы для рисования
3532,459.0,Клавишные инструменты
3533,459.0,Гитары
3536,459.0,Ударные инструменты
3538,459.0,DJ-оборудование
3542,462.0,Нумизматика и филателия
3544,462.0,Коллекционные игровые наборы и фигурки
3546,463.0,Программы
3552,464.0,Телескопы
3553,464.0,Микроскопы
3587,470.0,Пледы и покрывала
3588,470.0,Сувениры Яндекс Маркет
3590,471.0,Статуэтки и фигурки
3592,471.0,Декоративная посуда
3595,471.0,Шкатулки
3596,471.0,Вазы для цветов
3602,472.0,Дидактические карточки
3606,472.0,Настольные игры
3609,101.0,Прочие телефоны и гаджеты
3610,104.0,Прочие аксессуары для телевизоров
3612,107.0,Прочая аудиотехники
3623,124.0,Прочие периферийные устройства для ПК
3624,125.0,Прочая оргтехника
3627,128.0,ПО
3628,131.0,Прочие запчасти для ноутбуков
3632,136.0,Прочая мелкая техника
3633,137.0,Прочая встраиваемая бытовая техника
3634,138.0,Прочая климатическая техника для дома
3635,139.0,Прочая техника для красоты и здоровья
3636,436.0,PlayStation
3637,436.0,Xbox
3645,124.0,Коврики для мышек
3648,103.0,Периферийные устройства компьютера
3649,104.0,ТВ-приставки и медиаплееры
3653,111.0,Оборудование для связи
3655,111.0,Шредеры и аксессуары
3657,112.0,Роутеры
3659,112.0,IP-телефония и оборудование для конференций
3660,113.0,Управление умным домом
3661,115.0,Автомагнитолы
3668,121.0,Внутренние жесткие диски и SSD
3669,122.0,Аксессуары для мониторов
3671,124.0,Очки виртуальной реальности
3674,125.0,"Принтеры, МФУ и аксессуары"
3683,140.0,Прочая техника для умного дома
3698,475.0,ИБП
10001,1005.0,Зарядные устройства для телефонов
10002,1005.0,Кабели и переходники для телефонов
10004,1005.0,Подставки и держатели для телефонов
10005,1005.0,Моноподы и пульты для селфи
10006,1005.0,Антенны и усилители сигнала для мобильных телефонов
10008,1005.0,Объективы для смартфонов
10009,1005.0,Стилусы
10011,1005.0,Тарифные планы и мобильные номера
10013,1006.0,Ремешки для умных часов
10014,1006.0,Аксессуары для умных часов и браслетов
10018,1008.0,Рации и радиостанции
10019,1008.0,Аксессуары для радиостанций
10022,1013.0,Аккумуляторы для мобильных телефонов
10023,1013.0,Дисплеи и тачскрины для телефонов
10024,1013.0,Шлейфы для мобильных телефонов
10025,1013.0,Камеры для мобильных телефонов
10026,1013.0,Платы и микросхемы для телефонов
10028,1013.0,Аудиомодули для мобильных телефонов
10029,1013.0,Корпусные детали для телефонов
10034,1014.0,Игровые ноутбуки
10036,1014.0,Ноутбуки-трансформеры
10037,1014.0,Ультрабуки
10038,1014.0,Ноутбуки с экраном 4K
10041,1015.0,Беспроводные мыши
10043,1015.0,Подставки и столы для ноутбуков
10044,1015.0,USB-концентраторы
10047,1015.0,Запчасти для ноутбуков
10049,1016.0,Игровые мышки
10060,1018.0,Запчасти для планшетов
10075,1031.0,Коврики для игровых мышек
10079,1032.0,Видеокарты
10081,1032.0,Внутренние накопители (SSD)
10082,1032.0,Материнские платы
10084,1032.0,Внутренние жесткие диски
10085,1032.0,Блоки питания для компьютеров
10089,1032.0,Видеозахват
10091,1032.0,Корпуса и док-станции для накопителей
10103,1043.0,Аксессуары для клавиатур и мышей
10107,1043.0,Держатели для проводов
10108,1043.0,Бейджи для офиса
10116,1051.0,Компьютерные и письменные столы
10117,1051.0,Компьютерные кресла
10118,1051.0,"Кронштейны, держатели и подставки для компьютерной техники"
10122,1052.0,Телевизоры Xiaomi
10127,1052.0,Телевизоры 65 дюймов
10138,1057.0,ТВ-приставки и медиаплееры
10150,1084.0,Акустические системы
10152,1086.0,Микрофоны
10153,1086.0,Аксессуары для микрофонов
10155,1087.0,Аксессуары для виниловых проигрывателей
10156,1089.0,Портативные цифровые плееры
10157,1089.0,Диктофоны и портативные рекордеры
10165,1099.0,Консоли Steam Deck
10166,1099.0,Консоли Playstation 4
10169,1103.0,Игры для Xbox
10184,1105.0,Геймпады и рули для PlayStation
10187,1105.0,Аксессуары для PlayStation
10208,1110.0,Игровые процессоры
10209,1110.0,Оперативная память для игровых ПК
10212,1110.0,Игровые звуковые карты
10215,1110.0,Игровые мониторы
10229,1142.0,Аккумуляторы для фото/видеотехники
10230,1142.0,Аксессуары для фото и видеокамер
10231,1142.0,Аксессуары для фотовспышек
10232,1142.0,Аксессуары для штативов и моноподов
10233,1142.0,Аксессуары для экшн-камер
10236,1142.0,Насадки и крышки на объективы для фотокамер
10238,1142.0,Светофильтры для фототехники
10239,1142.0,"Сумки, чехлы для фото/видеотехники"
10243,1144.0,Осветительное фотооборудование
10244,1144.0,Отражатели и рассеиватели
10249,1145.0,Бинокли и зрительные трубы
10251,1145.0,Микроскопы
10254,1147.0,Принтеры и МФУ
10257,1159.0,"Диски, кассеты"
10258,1159.0,Картриджи для оргтехники
10264,1160.0,Аксессуары для принтеров и МФУ
10309,1195.0,"Грувбоксы, драм-машины"
10311,1195.0,DJ-контроллеры
10312,1195.0,Аксессуары и комплектующие для DJ-оборудования
10313,1195.0,Звуковые карты
10317,1201.0,Автомобильные антенны
10318,1201.0,Автомобильные FM-трансмиттеры
10333,1242.0,Игровые ноутбуки
10339,1243.0,Блоки питания для ноутбуков
10344,1243.0,Прочие аксессуары для ноутбуков
10346,1244.0,iPad
10354,1245.0,Зарядные устройства и блоки питания
10358,1248.0,Игровые компьютеры
10366,1272.0,Игры для PlayStation
10368,1272.0,Игры для Nintendo
10370,1272.0,Игры для приставок и ПК
10395,1280.0,Игровые приставки с поддержкой 4К игр
10402,1281.0,Игровые клавиатуры
10405,1282.0,Игровые видеокарты
10411,1282.0,Корпуса для игровых компьютеров
10414,1285.0,Видеозахват
10421,1308.0,"Кабели, разъемы для ПК и электроники"
10425,1309.0,"Принтеры, МФУ и аксессуары"
10428,1309.0,Расходные материалы для принтеров и МФУ
10434,1310.0,Ламинаторы
10435,1310.0,Расходные материалы для ламинаторов и брошюровщиков
10448,1316.0,Wi-Fi роутеры
10449,1316.0,Проводные роутеры (маршрутизаторы) и коммутаторы
10450,1316.0,3G/4G LTE роутеры и точки доступа
10454,1318.0,Точки доступа
10456,1318.0,Wi-Fi адаптеры
10468,1324.0,Коммутаторы и концентраторы
10471,1324.0,Трансиверы
10472,1324.0,Системы доступа и коммуникационные сервера
10476,1324.0,Коммутационные панели и компоненты
10484,1353.0,Корпуса для Tower серверов
10486,1353.0,Блоки питания для серверов
10487,1353.0,Рэковые корпуса
10491,1383.0,Аксессуары для варочных панелей
10492,1383.0,Аксессуары для духовых шкафов
10493,1383.0,Аксессуары для холодильников
10494,1383.0,Аксессуары для вытяжек
10495,1383.0,Аксессуары для плит
10496,1383.0,Аксессуары для посудомоечных машин
10499,1388.0,Стиральные машины
10500,1388.0,Сушильные машины
10501,1388.0,Аксессуары для стиральных машин
10503,1389.0,Роботы-пылесосы
10504,1389.0,Вертикальные пылесосы
10505,1389.0,Пылесосы для дома
10506,1389.0,Аксессуары для пылесосов
10507,1390.0,Утюги
10508,1390.0,Парогенераторы
10509,1390.0,Отпариватели
10510,1390.0,Гладильные системы
10513,1390.0,Гладильные доски
10514,1391.0,Пароочистители
10518,1391.0,Аксессуары к технике для уборки
10520,1392.0,Швейные машины
10521,1392.0,Оверлоки и распошивальные машины
10524,1392.0,Аксессуары для швейного оборудования
10525,1393.0,Микроволновые печи
10526,1393.0,Электрические грили и шашлычницы
10527,1393.0,Мультиварки
10528,1393.0,"Электросушилки для овощей, фруктов"
10529,1393.0,Хлебопечки
10530,1393.0,Мини-печи
10532,1393.0,Настольные плиты
10533,1393.0,Тостеры
10534,1393.0,Аэрогрили
10535,1393.0,Пароварки
10536,1393.0,Мороженицы
10538,1393.0,Блинницы
10539,1393.0,Йогуртницы
10540,1393.0,Фритюрницы
10542,1393.0,Аксессуары и запчасти для кухонной техники
10543,1394.0,Электрочайники и термопоты
10544,1394.0,Кофеварки и кофемашины
10545,1394.0,Кофемолки электрические
10546,1394.0,Аксессуары для кофемашин и кофеварок
10547,1394.0,Соковыжималки электрические
10551,1394.0,Фильтры и умягчители для воды
10554,1395.0,Блендеры
10555,1395.0,Кухонные комбайны и измельчители
10556,1395.0,Мясорубки электрические
10557,1395.0,Миксеры
10558,1395.0,Ломтерезки
10559,1395.0,Аксессуары для кухонной техники
10561,1420.0,Внешние аксессуары для климатического оборудования
10562,1420.0,Прочие аксессуары для климата
10563,1420.0,Модули управления климата
10564,1420.0,ТЭНы
10565,1425.0,Электрические зубные щетки
10567,1425.0,Аксессуары для электрических зубных щеток и ирригаторов
10574,1431.0,Массажёры
10576,1433.0,Умные стиральные машины
10578,1433.0,Умные электрочайники и термопоты
10582,1434.0,Умные очистители и увлажнители воздуха
10583,1434.0,Умные терморегуляторы
10584,1434.0,Умные водонагреватели
10603,1438.0,Системы видеонаблюдения
10605,1438.0,Электронные замки
10606,1440.0,Конструкторы LEGO Technic
10607,1440.0,Магнитные конструкторы
10608,1440.0,Деревянные конструкторы
10614,1440.0,Фото-конструкторы MOZABRICK
10621,1442.0,Коляски для кукол
10626,1442.0,Аксессуары для кукол
10627,1443.0,Робототехника и конструкторы
10628,1443.0,Радиоуправляемые модели
10643,1448.0,Развивающие игрушки для малышей
10646,1448.0,Развивающие и игровые коврики для малышей
10647,1448.0,Мобили для малышей
10652,1448.0,Кубики для малышей
10655,1448.0,Неваляшки для малышей
10656,1448.0,Шнуровки для малышей
10658,1448.0,Конструкторы для малышей
10660,1448.0,Комфортеры для малышей
10662,1448.0,Калейдоскопы
10666,1449.0,Квадрокоптеры
10676,1452.0,Детские музыкальные инструменты
10677,1452.0,Играем в салон красоты
10678,1452.0,Детские наборы инструментов
10679,1452.0,Детские компьютеры
10682,1452.0,Играем в магазин
10685,1452.0,Игрушечное оружие и бластеры
10686,1452.0,Игрушечные роботы и трансформеры
10690,1453.0,Развивающие коврики для малышей
10697,1453.0,Конструкторы для малышей
10698,1453.0,Детские компьютеры
10700,1453.0,Пирамидки для малышей
10721,1456.0,Интерактивные роботы и трансформеры
10751,1462.0,Шведские стенки
10754,1462.0,"Настольный футбол, хоккей, бильярд"
10772,1464.0,Шапочки для плавания
10773,1464.0,Очки для плавания
10776,1467.0,Ледянки
10791,1471.0,Автокресла
10805,1480.0,Подгузники для малышей
10807,1480.0,Пеленки и клеенки для малышей
10809,1480.0,Влажная туалетная бумага
10837,1486.0,Детские термометры для тела
10849,1491.0,Бутылочки и ниблеры для малышей
10852,1491.0,Поильники для малышей
10853,1491.0,Нагрудники и слюнявчики
10858,1499.0,Кухонные весы
10862,1503.0,Фломастеры и маркеры для рисования
10867,1503.0,Наборы для рисования
10876,1503.0,Ластики
10877,1503.0,Одежда для уроков труда
10878,1503.0,Фартуки для рисования
10881,1504.0,Пластилин и масса для лепки
10903,1507.0,Краски для рисования
10928,1511.0,Алмазная мозаика
10930,1511.0,Товары для выжигания и выпиливания
10931,1511.0,Мозаики и калейдоскопы для детей
10933,1511.0,Товары для декорирования
10949,1514.0,"Ткани, кожа и замша"
10950,1514.0,Инструменты и аксессуары для шитья и вышивания
10951,1514.0,Шкатулки и коробки для рукоделия
10956,1514.0,Технические ленты и тесьма для шитья
10964,1514.0,Мулине и нитки для вышивания
10994,1520.0,Сувениры Яндекс
10996,1520.0,Одноразовая посуда
11001,1520.0,Новогодние товары
11002,1521.0,Стульчики для кормления малышей
11005,1521.0,Детские комоды
11007,1521.0,Манежи для малышей
11008,1521.0,Колыбели для малышей
11020,1523.0,Аксессуары для безопасности малышей
11024,1523.0,Термометры и гигрометры
11025,1524.0,Детские компьютерные кресла
11028,1524.0,Парты и столы
11033,1525.0,Школьные пеналы
11039,1526.0,Тетради
11041,1526.0,Ежедневники
11047,1527.0,Ручки письменные
11050,1527.0,Карандаши чернографитные
11053,1527.0,Канцелярские корректоры
11054,1527.0,Фломастеры и маркеры для рисования
11056,1527.0,Маркеры
11058,1527.0,Точилки для карандашей
11098,1535.0,Металлические конструкторы
11101,1535.0,Ножницы
11107,1537.0,Магнитно-маркерные доски
11108,1537.0,Пробковые доски
11125,1539.0,Подставки для книг
11141,1541.0,Школьные брюки для мальчиков
11144,1541.0,Кроссовки и кеды для мальчиков
11146,1541.0,Одежда для уроков труда
11157,1549.0,Квадрокоптеры
11179,1560.0,Бутылочки и ниблеры для малышей
11180,1560.0,Подогреватели детских бутылочек
11182,1560.0,Соски для бутылочек
11183,1560.0,Стерилизаторы детские
11200,1569.0,Радио- и видеоняни
11285,1593.0,"Навесное оборудование для мотоблоков, культиваторов и мини-тракторов"
11287,1593.0,Двигатели для садовой техники
11288,1593.0,Леска и ножи для триммеров
11292,1593.0,Аксессуары для моек ВД
11293,1593.0,Химия для моек ВД
11301,1688.0,"Грядки, клумбы, ограждения"
11302,1688.0,Садовые фигуры
11303,1688.0,Садовые дорожки и покрытия
11312,1708.0,Кофе в зернах
11314,1708.0,Капсулы для кофемашин
11458,1894.0,Фены и фен-щётки
11459,1894.0,Машинки для стрижки волос и триммеры
11492,1943.0,Зажимы и расчески для ресниц
11493,1943.0,Зеркала косметические
11494,1943.0,"Кисти, спонжи и аппликаторы для макияжа"
11495,1943.0,Мелочи для макияжа
11497,1943.0,Ресницы и клей
11499,1955.0,Аксессуары для ароматерапии
11500,1955.0,Благовония
11510,1972.0,Премиальное туалетное и жидкое мыло
11512,1972.0,Премиальные кремы и масла для тела
11513,1972.0,Премиальные средства для душа
11518,1972.0,Премиальные дезодоранты для женщин
11549,1988.0,Маникюрные наборы
11596,2024.0,Лампы для сушки ногтей
11598,2024.0,Инструменты для маникюра и педикюра
11605,2024.0,Воскоплавы
11607,2024.0,Мебель для маникюра и педикюра
11609,2025.0,Оборудование для аппаратной косметологии и массажа
11610,2025.0,Принадлежности для косметологов и массажистов
11744,2086.0,Фильтрация и стерилизация
11748,2086.0,Инвентарь для обслуживания аквариумов и террариумов
11755,2111.0,Средства для ЖКТ и печени
11759,2111.0,Средства для опорно-двигательного аппарата
11761,2111.0,Средства для полости рта
11764,2111.0,Антибактериальные и антисептические препараты
11766,2111.0,Иммунные препараты и пробиотики
11767,2123.0,Товары для фитнеса
11776,2123.0,Спортивная защита
11785,2125.0,Обручи
11786,2125.0,Товары для художественной гимнастики
11790,2127.0,Беговые дорожки
11791,2127.0,Эллиптические тренажеры
11792,2127.0,Велотренажеры
11793,2127.0,Гребные тренажеры
11794,2127.0,Степперы
11796,2128.0,Гантели для занятий спортом
11798,2128.0,Штанги и грифы
11799,2128.0,Гири для занятий спортом
11815,2137.0,Аксессуары для батутов
11817,2150.0,Футбольные мячи
11822,2151.0,Баскетбольные мячи
11823,2151.0,Стойки и кольца для баскетбола
11827,2151.0,Женские кроссовки для баскетбола
11835,2153.0,Волейбольные мячи
11844,2159.0,Лодочные моторы
11845,2159.0,Лодки
11846,2159.0,"Байдарки, катамараны и каяки"
11849,2159.0,Аксессуары и запчасти для лодок
11852,2160.0,Ласты для подводного плавания
11853,2160.0,Маски и трубки для подводного плавания
11859,2160.0,Фонари для подводного плавания
11979,2195.0,Сумки для велосипедов
11980,2195.0,Фонари для велосипедов
11983,2195.0,Спортивная защита для велоспорта
11985,2195.0,Спортивные очки
11986,2195.0,Замки для велосипедов
11987,2195.0,Корзины и багажники для велосипедов
11990,2195.0,Автомобильные крепления для велосипедов
12025,2203.0,Аксессуары и запчасти для гироскутеров
12026,2207.0,Боксерские перчатки
12027,2207.0,Перчатки для единоборств
12050,2216.0,Роликовые коньки
12052,2220.0,Палатки туристические
12054,2220.0,Спальные мешки туристические
12055,2220.0,Коврики туристические
12057,2225.0,Термосы и термокружки
12064,2226.0,Туристические фонари и лампы
12065,2226.0,Мачете и кукри для туризма
12066,2226.0,GPS-навигаторы
12067,2226.0,Компасы
12089,2231.0,Рыболовные удилища
12090,2231.0,Рыболовные принадлежности и снасти
12094,2231.0,Подводная охота
12110,2240.0,Сумки-холодильники
12111,2240.0,"Грили, барбекю, коптильни"
12146,2260.0,Тюбинги
12147,2260.0,Санки и аксессуары
12150,2260.0,Ледянки
12158,2260.0,Зимняя верхняя одежда для девочек
12161,2260.0,Зимняя обувь для мальчиков
12201,2264.0,Детские сборные и надувные бассейны
12202,2264.0,Надувные игрушки
12205,2264.0,Детский транспорт
12206,2265.0,Городские рюкзаки
12207,2265.0,Походные рюкзаки
12208,2265.0,Спортивные рюкзаки
12247,2307.0,Амортизаторы и стойки
12249,2307.0,Резинометаллические шарниры
12272,2327.0,"Автомобильные багажники, рейлинги и комплекты крепежа"
12273,2327.0,Фаркопы
12274,2327.0,Багажные боксы
12278,2328.0,Чехлы и накидки на сиденья
12280,2328.0,Оплетки и чехлы на руль автомобиля
12283,2328.0,Автомобильные сумки и органайзеры
12284,2328.0,Автомобильные шторки
12285,2328.0,Автомобильные холодильники
12288,2328.0,Массажные накидки
12290,2328.0,Автомобильные держатели для мобильных устройств
12292,2331.0,Автомобильные щетки и скребки
12294,2331.0,"Утеплители для двигателя, радиатора и аккумулятора"
12297,2332.0,Дефлекторы автомобильные
12298,2332.0,Защита фар
12300,2332.0,Защита картера и КПП
12301,2332.0,Подкрылки и расширители колесных арок для автомобиля
12302,2332.0,Автомобильные брызговики
12303,2332.0,Колпаки на автомобильные колеса
12307,2332.0,Рамки для автомобильных номеров
12308,2332.0,Автомобильные накладки на пороги и бамперы
12309,2332.0,Защита порогов и пороги-площадки
12310,2333.0,Буксировочные тросы
12320,2333.0,Очки для водителей
12321,2333.0,Пусковые провода для автомобилей
12322,2333.0,Автомобильные домкраты и подставки
12325,2351.0,Пневмотрещотки
12329,2351.0,"Пневматические аэрографы, краскопульты, текстурные пистолеты"
12375,2405.0,Ароматизаторы салона автомобиля
12376,2405.0,Уход за салоном автомобиля
12381,2407.0,Шуруповерты
12382,2407.0,Аккумуляторные отвертки
12383,2407.0,Перфораторы
12384,2407.0,Дрели и строительные миксеры
12385,2407.0,Шлифовальные машины
12386,2407.0,Фрезеры
12387,2407.0,Лобзики
12388,2407.0,Электрорубанки
12390,2407.0,Строительные фены
12391,2407.0,Клеевые пистолеты
12393,2407.0,Гайковерты
12395,2407.0,Штроборезы
12396,2407.0,Отбойные молотки
12397,2407.0,Строительные электроножницы
12399,2407.0,Мотобуры
12401,2408.0,Электро- и бензопилы цепные
12402,2408.0,Циркулярные (дисковые) пилы
12403,2408.0,Торцовочные пилы
12404,2408.0,Пилы сабельные и электроножовки
12406,2408.0,Распиловочные станки
12408,2408.0,Бензорезы и электрорезы
12410,2409.0,Наборы инструментов и оснастки
12411,2409.0,Инструменты для столярных работ
12412,2409.0,Инструменты для слесарных работ
12414,2409.0,"Заклепочники, гвоздезабивные пистолеты, строительные степлеры"
12415,2409.0,Паяльники и горелки
12416,2409.0,"Пистолеты для клея, пены и герметика"
12417,2409.0,Инструменты для работы с трубами
12418,2409.0,Тиски
12423,2409.0,"Рожковые, накидные, комбинированные ключи"
12424,2409.0,"Сантехнические, разводные ключи"
12425,2409.0,Струбцины
12426,2409.0,"Торцевые головки, свечные ключи, торцевые ключи"
12427,2409.0,Пилы и ножовки ручные
12428,2409.0,Отвертки
12429,2409.0,Молотки и кувалды
12431,2409.0,Монтажные ножи
12432,2409.0,Трещотки и воротки
12435,2409.0,Ручные плиткорезы
12439,2409.0,Инструменты для ячеистого бетона
12440,2409.0,Инструменты для работы со стеклом
12442,2409.0,Шестигранные и шлицевые ключи
12444,2410.0,"Оснастка для дрелей, шуруповертов и гайковертов"
12445,2410.0,Оснастка для цепных электро- и бензопил
12446,2410.0,Оснастка для фрезеров
12447,2410.0,Пильные диски и переходные кольца
12450,2410.0,Оснастка для шлифовальных машин
12452,2410.0,Шнеки и удлинители для мотобуров
12456,2410.0,"Скобы, гвозди и штифты для пистолетов и степлеров"
12458,2410.0,Пилки и наборы для электролобзиков и лобзиковых станков
12463,2411.0,"Инструменты для измерения расстояний, длин и углов наклона"
12464,2411.0,Инструменты для измерения параметров электрического тока
12465,2411.0,Металлоискатели
12467,2411.0,Пирометры и тепловизоры
12469,2411.0,Манометры
12470,2411.0,Гигрометры и влагомеры
12472,2411.0,Видеоскопы
12473,2411.0,Люксметры
12474,2411.0,Прочие измерительные инструменты
12481,2412.0,Маски и очки для сварки
12482,2412.0,"Электроды, проволока, прутки для сварки"
12489,2414.0,Пневмопистолеты
12490,2414.0,Пневмотрещотки
12491,2414.0,Пневмогайковерты
12492,2414.0,Пневмошуруповерты
12495,2414.0,Пневмошлифмашины
12496,2414.0,Пневмостеплеры
12498,2414.0,Пневматические отбойные молотки
12500,2414.0,Наборы пневмоинструментов
12501,2414.0,Пневмодрели
12502,2414.0,Оснастка для пневмоинструментов
12504,2414.0,Аксессуары для пневмоинструмента
12505,2415.0,Средства индивидуальной защиты органов дыхания для строительства и ремонта
12507,2415.0,Средства индивидуальной защиты рук для строительства и ремонта
12516,2416.0,Ящики для строительных инструментов
12518,2416.0,Стеллажи для мастерской
12521,2416.0,Аксессуары для стеллажей
12523,2417.0,Стремянки
12525,2419.0,Ванны
12527,2419.0,Экраны для ванн
12531,2422.0,Унитазы
12535,2422.0,Биде
12537,2422.0,Сиденья для унитазов и биде
12538,2422.0,Гофрированные трубы и отводы для унитазов
12540,2423.0,"Души, душевые панели, гарнитуры"
12541,2423.0,Лейки для душа
12542,2423.0,Шланги для душа
12544,2424.0,Душевые кабины и уголки
12545,2424.0,Душевые поддоны
12546,2424.0,Душевые двери
12548,2425.0,Полотенцесушители
12549,2425.0,Аксессуары и комплектующие для полотенцесушителей
12553,2426.0,Расширительные баки и комплектующие
12555,2426.0,Водопроводные трубы и фитинги
12556,2426.0,Счетчики воды
12558,2426.0,Коллекторы для систем водоснабжения и отопления
12559,2426.0,Запорная арматура
12562,2426.0,Оголовки для скважины
12563,2426.0,Мотопомпы и аксессуары
12564,2426.0,Поплавковые выключатели
12566,2426.0,Электромагнитные клапаны
12570,2426.0,Комплектующие водоснабжения
12576,2428.0,Душевые шторки на ванну
12579,2428.0,Экраны для ванн
12580,2428.0,Держатели и штанги для душа
12584,2428.0,Каркасы и ножки для ванн
12610,2436.0,Держатели и крючки для ванной и туалета
12611,2436.0,Коврики для ванной и туалета
12622,2438.0,Фильтры механической очистки
12624,2438.0,Сменные картриджи к магистральным фильтрам
12626,2438.0,Блоки управления для фильтров
12634,2442.0,Краны шаровые
12637,2442.0,Смесительные клапаны
12670,2457.0,Отопительные котлы
12674,2457.0,Газовые клапаны для котлов отопления
12679,2458.0,Камины и печи
12680,2458.0,Порталы для каминов
12686,2460.0,Радиаторы отопления
12688,2460.0,Аксессуары для радиаторов
12698,2465.0,Газовые баллоны
12700,2467.0,Встраиваемые конвекторы
12704,2485.0,Приборы контроля и сигнализации
12706,2485.0,Устройства защитного отключения (УЗО)
12707,2485.0,Автоматические выключатели дифференциального тока
12710,2486.0,"Изделия для изоляции, крепления и маркировки"
12713,2486.0,Распределительные коробки
12715,2486.0,Молниезащита и заземление
12717,2487.0,Системы видеонаблюдения
12718,2487.0,Шлагбаумы и автоматика для ворот
12719,2487.0,Домофоны
12722,2487.0,Дверные звонки
12723,2487.0,Ключи и брелоки для домофонов
12725,2487.0,Защита от протечек воды
12728,2488.0,Генераторы
12733,2488.0,Солнечные электростанции и комплектующие
12738,2489.0,"Светосигнальные лампы, кнопки управления"
12740,2489.0,Шины и шинопроводы
12749,2490.0,Электрический теплый пол
12752,2491.0,"Розетки, выключатели и рамки"
12753,2491.0,Прочие электроустановочные изделия
12755,2492.0,Удлинители и сетевые фильтры
12756,2492.0,"Удлинители на катушках, силовые удлинители"
12757,2492.0,"Переходники, вилки и колодки"
12763,2494.0,Аксессуары для контакторов и реле
12765,2495.0,Системы прокладки кабеля под полом
12766,2495.0,Гофрированные трубы
12767,2495.0,Кабель-каналы
12772,2495.0,Комплектующие для кабель-каналов
12786,2498.0,Люстры и потолочные светильники
12787,2498.0,Бра и настенные светильники
12788,2498.0,Настольные лампы и светильники
12791,2498.0,Уличное освещение и прожекторы
12794,2498.0,Торшеры и напольные светильники
12797,2498.0,Комплектующие для светильников
12850,2505.0,Клеи бытовые и универсальные
12912,2513.0,Линолеум
12914,2513.0,Пробковый пол
12918,2513.0,Комплектующие для плинтуса
12922,2513.0,Аксессуары для укладки напольных покрытий
12944,2521.0,Замки навесные
12948,2521.0,Дверные доводчики
12951,2521.0,Петли дверные
12954,2522.0,Вызывные панели домофонов
12955,2522.0,Дверные звонки
12961,2529.0,Гвозди
12966,2529.0,Винты и болты
12980,2534.0,Посуда для индукционных плит
12981,2534.0,Сковороды и сотейники
12982,2534.0,Кастрюли и ковши
12984,2534.0,Посуда и формы для выпечки и запекания
12985,2534.0,"Казаны, тажины"
12986,2534.0,Крышки для посуды
12988,2534.0,Наборы для фондю
12989,2535.0,Сервизы
12991,2535.0,Столовые приборы
12992,2535.0,"Кружки, чашки, блюдца и пары"
12993,2535.0,Блюда и салатники
12994,2535.0,Тарелки
12996,2535.0,Кувшины и графины
12998,2535.0,Подносы
13002,2536.0,"Турки, кофеварки, кофемолки"
13003,2536.0,Френч-прессы
13004,2536.0,Чайники
13005,2536.0,Заварочные чайники
13006,2536.0,Ручные соковыжималки
13007,2536.0,Штопоры и принадлежности для бутылок
13009,2536.0,Самовары
13014,2537.0,Ножи кухонные
13018,2537.0,Подставки для кухонных ножей
13020,2537.0,"Овощечистки, рыбочистки"
13021,2537.0,Ножницы кухонные
13022,2537.0,Разделочные доски
13024,2539.0,Контейнеры и ланч-боксы
13027,2539.0,Хлебницы и корзины для хлеба
13033,2540.0,Миски и дуршлаги
13034,2540.0,Мерные емкости и сита
13036,2540.0,Консервные ножи и закаточные машинки
13037,2540.0,"Формы для льда, шоколада и десертов"
13039,2540.0,Кухонные термометры и таймеры
13040,2540.0,"Фольга, бумага, пакеты"
13044,2542.0,Картриджи и сменные элементы для бытовых водоочистителей
13046,2543.0,Подвесные светильники
13047,2543.0,Светодиодные люстры
13051,2543.0,Светодиодные светильники
13052,2543.0,Линейные светильники
13053,2543.0,Светодиодные панели
13054,2543.0,Настенно-потолочные светильники
13057,2543.0,Трековые светильники
13060,2545.0,Настенные светильники
13061,2545.0,Светодиодные светильники
13062,2545.0,Интерьерная подсветка
13064,2545.0,Интерьерная подсветка для зеркал
13068,2546.0,Ночники
13078,2548.0,Лампочки
13085,2551.0,Прожекторы
13087,2552.0,Переносные светильники
13088,2560.0,Машинки для удаления катышков
13089,2560.0,Вешалки напольные
13093,2560.0,Чехлы для гладильных досок
13096,2560.0,Аксессуары для глажения белья
13118,2564.0,"Стекломои, скребки, сгоны"
13119,2564.0,Ведра и тазы
13120,2564.0,"Тряпки, щетки, губки"
13122,2564.0,Мешки для мусора
13125,2574.0,Бутылки для напитков
13128,2578.0,Комплекты постельного белья
13132,2585.0,Жалюзи
13137,2585.0,Римские и рулонные шторы
13141,2587.0,Электроодеяла
13142,2587.0,Электропростыни и электроматрасы
13146,2593.0,Карнизы и аксессуары для штор
13148,2594.0,"Горшки, подставки для цветов"
13154,2596.0,Статуэтки и фигурки
13155,2596.0,Вазы
13162,2597.0,Настольные и каминные часы
13163,2597.0,Настенные часы
13176,2600.0,Фотоальбомы
13179,2601.0,Подсвечники
13182,2604.0,Столы и столики
13193,2606.0,Кресла
13195,2607.0,Шкафы
13197,2607.0,Комоды
13198,2607.0,Обувницы
13199,2607.0,Стеллажи и этажерки
13200,2607.0,Полки
13207,2609.0,Тумбы для ванной
13211,2609.0,"Мыльницы, стаканы и дозаторы"
13221,2612.0,Мебель для прихожих
13225,2612.0,Вешалки напольные
13226,2612.0,Вешалки настенные
13236,2615.0,Надувная мебель
13239,2615.0,Насосы и аксессуары для надувных изделий
13244,2616.0,Гамаки
13245,2616.0,Садовые шатры
13248,2616.0,Лежаки и шезлонги
13252,2627.0,Новогодние искусственные елки
13254,2627.0,Елочные украшения
13255,2627.0,Новогодний декор
13264,2627.0,Новогодняя посуда
13294,2633.0,Системы видеонаблюдения
13316,2649.0,Пледы
13319,2649.0,Новогодние шторы
13322,2649.0,"Новогодние кухонные рукавицы, фартуки и прихватки"
13335,2651.0,Столовые приборы
13338,2651.0,Скатерти и салфетки
13453,2770.0,Часы для мужчин
13454,2770.0,Сумки и чемоданы для мужчин
13459,2770.0,Ремни и подтяжки для мужчин
13460,2770.0,Мужские галстуки
13461,2770.0,Кошельки для мужчин
13462,2770.0,Визитницы и кредитницы
13636,2805.0,Наручные часы
13644,2807.0,Солнцезащитные очки
13645,2807.0,Зонты
13648,2807.0,Обложки для документов
13649,2807.0,Брелоки и ключницы
13652,2807.0,Кигуруми для взрослых
13653,2807.0,Карнавальные костюмы и аксессуары для праздника
13655,2807.0,Аксессуары для ухода за обувью
13659,2883.0,Тонометры
13686,2927.0,Массажные коврики и валики
13687,2927.0,Массажёры
13689,2927.0,Массажные кресла
13702,1503.0,Пастель и мелки для рисования
13707,1503.0,Бумага для рисования и черчения
13712,1503.0,Рамки для картин
13716,1503.0,Инструменты и принадлежности для рисования
13744,1507.0,Раскраски
13763,1511.0,3D-ручки
13767,1511.0,Мозаики и калейдоскопы для детей
13769,1511.0,Товары для декорирования
13771,1511.0,Детские ножницы
13772,1511.0,Цветная бумага и картон
13777,1511.0,Картины-фрески из песка для детского творчества
13778,1511.0,Гравюры для детей
13780,1511.0,Товары для создания оригами
13782,1511.0,Клей канцелярский
13789,1514.0,Портновские манекены
13794,1514.0,"Пяльцы, станки, рамки для вышивания"
13818,1520.0,Воздушные шары
13827,1520.0,Флаги и гербы
13828,1520.0,Свадебные украшения
13874,3045.0,Учебные пособия
13876,3045.0,Хрестоматии
13877,3045.0,Образовательные программы
13996,3091.0,Атласы и карты
14025,3113.0,Холодильные шкафы
14026,3113.0,Морозильное оборудование
14027,3113.0,Холодильные витрины
14030,3113.0,Мини-бары
14031,3113.0,Винные шкафы
14036,3114.0,Торговое оборудование для касс
14052,3129.0,Принадлежности для парикмахерских
14053,3129.0,Тележки для парикмахера
14054,3129.0,Мойки парикмахерские
14058,3129.0,"Щипцы, плойки и выпрямители"
14060,3129.0,Профессиональные средства для ухода за волосами
14061,3129.0,Средства для окрашивания волос
14063,3129.0,Средства для ухода за бородой и усами
14079,3144.0,Огнетушители
14080,3144.0,Системы охранно-пожарной сигнализации
14087,3145.0,Инфракрасные прожекторы
14088,3145.0,Камеры видеонаблюдения
14089,3145.0,Комплектующие для систем видеонаблюдения
14090,3145.0,Видеорегистраторы систем видеонаблюдения
14125,3180.0,Антенны для мобильных телефонов
14126,3180.0,Аудиомодули для мобильных телефонов
14128,3180.0,Дисплеи и тачскрины для мобильных телефонов
14132,3180.0,Корпусные детали для мобильных телефонов
14134,3180.0,Шлейфы для мобильных телефонов
14151,3220.0,Ракетки и мячи для настольного тенниса
14160,2897.0,Очки для компьютера
14171,3513.0,Доски и мольберты для рисования
14173,3513.0,Холсты для рисования
14174,3513.0,Альбомы и папки для рисования и черчения
14178,3513.0,Карандаши чернографитные
14180,3513.0,Ластики
14181,3513.0,Одежда для уроков труда
14205,3518.0,Пазлы
14213,3518.0,Наборы для создания украшений
14214,3518.0,Ножницы
14216,3518.0,Наклейки для творчества
14217,3518.0,Товары для валяния из шерсти
14219,3518.0,Штампы и трафареты для творчества
14221,3518.0,Гравюры для детей
14225,3518.0,Клей канцелярский
14238,3532.0,"Синтезаторы, пианино и MIDI-клавиатуры"
14241,3533.0,Акустические гитары
14242,3533.0,Электроакустические гитары
14253,3536.0,Ударные установки и инструменты
14255,3536.0,"Барабанные палочки, щетки, руты"
14257,3536.0,Тарелки для ударных
14275,3538.0,Оборудование для звукозаписывающих студий
14317,1005.0,Прочие аксессуары для телефонов
14318,1013.0,Прочие запчасти для мобильных устройств
14324,1099.0,PlayStation
14328,1103.0,Игры для других платформ
14332,1142.0,Прочие аксессуары для фото/видеотехники
14336,1242.0,Все ноутбуки
14337,1245.0,Прочие аксессуары для планшетов
14348,1389.0,Пылесосы
14351,1392.0,Прочее швейное оборудование
14352,1393.0,Прочие приборы для приготовления блюд
14354,1395.0,Прочие приборы для измельчения
14355,1005.0,Запчасти для мобильных телефонов
14363,1031.0,Игры для PC
14373,1110.0,Корпуса и док-станции для накопителей
14376,1110.0,Процессоры игровые
14378,1147.0,Аксессуары для принтеров и МФУ
14379,1147.0,Запчасти для принтеров и МФУ
14383,1243.0,Запчасти для ноутбуков
14386,1281.0,Очки виртуальной реальности
14387,1282.0,Блоки питания для компьютеров
14389,1282.0,Внутренние жесткие диски и SSD
14394,1282.0,Процессоры игровые
14407,3648.0,Комплекты клавиатур и мышей
14410,3648.0,Мыши
14423,3649.0,Спутниковое ТВ
14425,3668.0,HHD
14426,3668.0,SSD
30000,10047.0,Экраны и матрицы для ноутбуков
30002,10047.0,Корпусные детали для ноутбуков
30006,10047.0,Шлейфы и платы для ноутбуков
30011,10150.0,Активная акустика
30012,10150.0,Сабвуфер активный
30014,10150.0,Напольная акустика
30015,10150.0,Hi-Fi
30036,10425.0,Струйные принтеры
30037,10425.0,Лазерные МФУ
30038,10425.0,Струйные МФУ
30039,10425.0,Фотопринтеры
30040,10425.0,Принтеры и МФУ
30041,10428.0,Картриджи для оргтехники
30043,10428.0,Расходные материалы для принтеров
30044,10428.0,Аксессуары для 3D-принтеров
30045,10435.0,Офисная бумага и пленка
30050,10542.0,Аксессуары для мультиварок
30052,10542.0,Прочие аксессуары и расходники для мелкой кухонной техники
30054,10559.0,Аксессуары для блендеров
30055,10559.0,Аксессуары для мясорубок
30056,10559.0,Аксессуары для кухонных комбайнов
30057,10559.0,Прочие аксессуары для мелкой техники
30058,10559.0,Запчасти для мелкой кухонной техники
30060,10603.0,Умные видеорегистраторы
30109,10627.0,Электронные конструкторы
30111,10627.0,Конструкторы на солнечных батареях
30112,10627.0,Конструкторы на соленой воде
30114,10627.0,Наборы для робототехники
30116,10627.0,Stem-конструкторы
30118,10627.0,Комплектующие и аксессуары для робототехники
30120,10628.0,Радиоуправляемые машины и мотоциклы
30123,10628.0,Радиоуправляемый водный транспорт
30128,10643.0,Развивающие игрушки Lego
30132,10643.0,Развивающие игрушки Жирафики
30141,10646.0,Развивающие коврики для малышей
30180,10849.0,Ниблеры для малышей
30181,10849.0,Аксессуары для бутылочек
30183,11001.0,Новогодние искусственные елки
30184,11001.0,Новогодние живые елки
30188,11001.0,Новогодняя посуда
30214,11157.0,Квадрокоптеры для съемок
30217,11157.0,Микро и мини квадрокоптеры
30219,11157.0,Комплектующие и аксессуары для квадрокоптеров
30397,11744.0,Наполнители и аксессуары для аквариумных фильтров
30408,11767.0,Эспандеры и кистевые тренажеры
30411,11767.0,Скамьи и стойки
30414,11767.0,Утяжелители
30416,11767.0,Аксессуары для фитнеса
30417,11767.0,Турники и брусья
30419,11767.0,Ролики для пресса
30420,11767.0,Бодибары
30541,11849.0,Якорные и судовые лебедки и панели управления
30542,11849.0,"Аксессуары для лодок, катеров и яхт"
30627,12090.0,Рыболовные катушки
30706,12205.0,Детские беговелы
30707,12205.0,Детские веломобили
30754,12385.0,Угловые шлифмашинки (болгарки)
30757,12385.0,Граверы (Прямошлифовальные машины)
30758,12385.0,Реноваторы (МФИ)
30759,12385.0,Полировальные машины
30766,12411.0,Верстаки
30768,12411.0,Стамески
30769,12411.0,Ручные рубанки
30770,12412.0,Пассатижи
30771,12412.0,Напильники и надфили
30776,12412.0,"Тонкогубцы, круглогубцы и длинногубцы"
30787,12414.0,Гвоздескобозабивные пистолеты и строительные степлеры
30789,12415.0,Электрические паяльники и паяльные станции
30793,12416.0,Пистолеты для монтажной пены
30796,12417.0,Труборезы
30797,12417.0,Трубогибы
30803,12440.0,Стеклодомкраты
30804,12444.0,Сверла и наборы
30805,12444.0,Коронки и наборы для электроинструмента
30806,12444.0,"Буры, долота, пики для перфораторов"
30814,12445.0,Цепи и шины для электро- бензопил
30818,12446.0,Фрезы
30827,12450.0,Шлифовальные круги
30834,12463.0,Лазерные уровни и нивелиры
30835,12463.0,Дальномеры
30837,12463.0,Ручные уровни и отвесы
30839,12463.0,Измерительные рулетки и мерные ленты
30840,12463.0,Штангенциркули
30841,12463.0,Строительные угломеры и уклономеры
30843,12463.0,Теодолиты и тахеометры
30844,12463.0,Дорожные курвиметры
30846,12463.0,"Прочие инструменты для измерения расстояний, длин и углов наклона"
30847,12464.0,Электроизмерительные мультиметры и тестеры
30849,12464.0,Токовые клещи
30851,12482.0,Электроды для сварки
30897,12553.0,Расширительные баки
30899,12555.0,Водопроводные трубы
30901,12555.0,Гибкие подводки
30903,12555.0,Фитинги для металлопластиковых труб и труб из сшитого полиэтилена
30914,12559.0,Сепараторы
30920,12563.0,Мотопомпы
30923,12570.0,Комплектующие для строительных труб
30926,12570.0,Сантехнические хомуты
30927,12704.0,Реле
30930,12704.0,Таймеры и реле времени
30931,12704.0,"Датчики температуры, влажности и заморозки"
30935,12704.0,"Концевые, позиционные и шарнирные выключатели"
30936,12704.0,"Прочие датчики, считыватели и преобразователи"
30938,12710.0,Кабельные стяжки
30943,12715.0,Комплектующие для молниезащиты и заземления
30947,12717.0,Видеорегистраторы систем видеонаблюдения
30951,12718.0,Комплектующие для шлагбаумов и ворот
30953,12725.0,Системы защиты от протечек воды
30955,12725.0,Комплектующие для систем защиты от протечек
30968,12791.0,Уличное освещение
30971,12797.0,Элементы светильников
30972,12797.0,Комплектующие для трек-систем и спотов
30977,12797.0,"Трансформаторы, драйверы, блоки питания"
30979,12980.0,Кастрюли и ковши
30980,12980.0,Наборы посуды
30981,12981.0,Сковороды
30982,12981.0,Сковороды для блинов и оладий
30984,12981.0,Сковороды-гриль
30986,12981.0,Крышки для сковород
30987,12981.0,Сотейники
30988,12981.0,Наборы сковород
30989,12982.0,Кастрюли и ковши из нержавеющей стали
30992,12982.0,Крышки для кастрюль
30993,12982.0,Наборы кастрюль
30994,12984.0,Формы для выпечки
30996,12984.0,Противни
30997,12984.0,Формы для хлеба
31000,12984.0,Формы для печенья
31013,12991.0,Наборы столовых приборов
31031,13294.0,Умные камеры видеонаблюдения
31084,13453.0,Ремешки и браслеты для мужских наручных часов
31085,13453.0,Карманные часы
31092,13454.0,Дорожные аксессуары
31309,13655.0,Сушилки и формодержатели для обуви
31316,13687.0,Для спины
31317,13687.0,Для тела
31318,13687.0,Для рук
31321,13687.0,Электрические массажёры
31322,11001.0,Новогодний текстиль
31329,11001.0,Декоративные свечи
31403,10047.0,Прочие запчасти для ноутбуков
31404,1015.0,Коврики для мышек
31405,3674.0,Запчасти для принтеров и МФУ
31406,3674.0,Картриджи и тонеры
31408,3674.0,Расходные материалы для принтеров и МФУ
31418,14383.0,Видеокарты и видеочипы для ноутбуков
31419,14383.0,Клавиатуры и кнопки для ноутбуков
31422,14383.0,Разъемы для ноутбуков
31423,14383.0,Системы охлаждения для ноутбуков
31426,14355.0,Аккумуляторы для мобильных телефонов
31431,14355.0,Коннекторы и контейнеры для телефонов
31433,14355.0,Корпусные детали для телефонов
31434,14355.0,Клавиатуры и кнопки для телефонов
31435,14355.0,Прочие запчасти для мобильных устройств
